mes,cliente,a_vencer,venc_1_30,venc_31_60,venc_61_90,venc_91_120,venc_acima_120,total_carteira,total_vencido,taxa_inadimplencia
2023-01,Cliente 01,43716.46,7750.03,4200.48,4045.77,1561.44,669.36,61943.54,18227.08,0.2943
2023-01,Cliente 02,71534.24,13004.95,9850.14,7157.97,3011.12,1982.0,106540.41,35006.18,0.3286
2023-01,Cliente 03,16379.05,3110.87,2277.42,1158.87,240.03,136.62,23302.87,6923.81,0.2971
2023-01,Cliente 04,80739.54,12997.05,11094.43,7967.97,3168.05,1821.88,117788.92,37049.38,0.3145
2023-01,Cliente 05,10623.21,2011.06,1493.9,614.7,428.62,165.5,15337.0,4713.79,0.3073
2023-01,Cliente 06,27646.85,5798.27,3187.99,2833.04,1614.54,917.62,41998.31,14351.46,0.3417
2023-01,Cliente 07,29372.06,7824.01,3158.21,1151.43,1577.6,672.57,43755.89,14383.83,0.3287
2023-01,Cliente 08,75397.76,16064.85,7703.78,4162.72,2435.9,796.66,106561.67,31163.91,0.2924
2023-01,Cliente 09,98736.43,17938.19,9526.44,9311.17,1566.42,2251.8,139330.45,40594.02,0.2914
2023-01,Cliente 10,59801.23,10346.76,7633.15,3553.81,2613.56,530.91,84479.43,24678.2,0.2921
2023-01,Cliente 11,57294.96,10681.97,5195.83,2683.0,1853.26,632.48,78341.5,21046.54,0.2687
2023-01,Cliente 12,104626.07,28217.4,16911.65,4117.68,5062.16,3842.12,162777.08,58151.01,0.3572
2023-01,Cliente 13,73506.64,16091.09,6197.2,5591.19,4762.77,2892.41,109041.28,35534.65,0.3259
2023-01,Cliente 14,14209.99,2689.63,2061.5,482.19,824.95,471.22,20739.48,6529.49,0.3148
2023-01,Cliente 15,19222.11,5735.15,1987.22,1607.47,1288.61,562.21,30402.78,11180.67,0.3678
2023-01,Cliente 16,49675.39,8461.04,7928.51,2861.93,1262.99,863.5,71053.37,21377.98,0.3009
2023-01,Cliente 17,98229.45,29493.45,14868.62,10708.64,6838.96,3803.35,163942.49,65713.03,0.4008
2023-01,Cliente 18,97111.33,27930.43,13189.1,8050.76,6308.83,4170.21,156760.66,59649.33,0.3805
2023-01,Cliente 19,81725.43,17923.84,9101.22,4999.83,2855.11,892.18,117497.6,35772.18,0.3045
2023-01,Cliente 20,18526.69,3768.94,2681.43,1405.82,307.08,226.4,26916.35,8389.66,0.3117
2023-01,Cliente 21,34093.99,5752.65,3710.59,3270.98,1924.91,476.25,49229.37,15135.38,0.3074
2023-01,Cliente 22,13239.76,2427.49,1380.63,1118.91,863.49,363.76,19394.05,6154.29,0.3173
2023-01,Cliente 23,68640.33,19404.8,9568.27,7476.63,4549.99,1414.49,111054.52,42414.19,0.3819
2023-01,Cliente 24,17484.88,4043.47,2913.24,1165.35,991.89,473.43,27072.26,9587.37,0.3541
2023-01,Cliente 25,27012.71,6876.38,3777.59,1885.03,761.43,877.89,41191.03,14178.32,0.3442
2023-02,Cliente 01,29597.65,4930.75,2373.19,1923.84,1096.74,649.98,40572.16,10974.51,0.2705
2023-02,Cliente 02,60867.39,12091.48,6432.77,3576.74,1045.02,1467.59,85480.99,24613.6,0.2879
2023-02,Cliente 03,33970.21,5475.44,5212.5,2286.12,1941.62,763.5,49649.4,15679.18,0.3158
2023-02,Cliente 04,16802.72,3789.47,2223.15,1033.33,727.13,552.11,25127.91,8325.19,0.3313
2023-02,Cliente 05,71731.72,18226.53,9958.05,8104.05,2516.81,1608.39,112145.56,40413.84,0.3604
2023-02,Cliente 06,93253.97,23680.0,10874.86,4585.45,4821.07,1135.84,138351.18,45097.22,0.326
2023-02,Cliente 07,30762.63,7632.18,4525.11,1606.35,636.33,1152.17,46314.77,15552.13,0.3358
2023-02,Cliente 08,23464.12,4991.42,3095.47,2596.43,1328.4,775.72,36251.56,12787.44,0.3527
2023-02,Cliente 09,26503.23,6070.82,2518.87,1478.34,845.17,331.28,37747.72,11244.49,0.2979
2023-02,Cliente 10,69371.94,11170.8,7834.37,6253.28,3431.78,2253.47,100315.64,30943.7,0.3085
2023-02,Cliente 11,59877.31,10609.36,6052.87,2563.62,2137.22,1142.35,82382.72,22505.41,0.2732
2023-02,Cliente 12,36288.47,6850.02,3484.49,1453.39,1268.33,605.53,49950.24,13661.77,0.2735
2023-02,Cliente 13,44449.4,12228.71,7327.26,3409.0,2223.99,1696.54,71334.9,26885.5,0.3769
2023-02,Cliente 14,115440.96,30779.77,17159.05,10711.56,4284.43,1190.88,179566.64,64125.68,0.3571
2023-02,Cliente 15,10944.73,2457.1,1239.04,852.37,467.75,382.66,16343.65,5398.92,0.3303
2023-02,Cliente 16,19222.84,5381.83,3042.32,2296.47,1191.59,750.7,31885.76,12662.91,0.3971
2023-02,Cliente 17,40805.79,8120.83,5370.45,4476.12,1360.03,1079.24,61212.47,20406.68,0.3334
2023-02,Cliente 18,36766.46,7386.57,3379.58,4310.28,1411.09,1385.28,54639.24,17872.79,0.3271
2023-02,Cliente 19,73748.82,14530.52,11544.12,4234.86,4765.3,994.01,109817.63,36068.81,0.3284
2023-02,Cliente 20,85246.03,15069.05,8092.55,8652.55,2274.92,1724.67,121059.76,35813.74,0.2958
2023-02,Cliente 21,50778.79,13996.61,7651.29,3360.97,3027.42,799.87,79614.96,28836.17,0.3622
2023-02,Cliente 22,9986.74,2820.44,815.88,477.6,401.68,333.04,14835.38,4848.63,0.3268
2023-02,Cliente 23,18090.85,4743.76,2036.19,874.18,471.06,391.96,26608.01,8517.16,0.3201
2023-02,Cliente 24,63922.1,14245.45,7953.66,6507.22,2103.72,1229.66,95961.82,32039.72,0.3339
2023-02,Cliente 25,98215.91,26506.12,14681.59,4165.3,4024.31,1508.05,149101.28,50885.37,0.3413
2023-03,Cliente 01,28244.48,5614.23,4093.84,2980.48,1553.68,470.49,42957.2,14712.72,0.3425
2023-03,Cliente 02,35429.12,6673.91,5853.96,2415.45,1008.33,1321.1,52701.87,17272.75,0.3277
2023-03,Cliente 03,44902.94,9134.38,6628.08,4782.91,1320.4,1888.08,68656.81,23753.86,0.346
2023-03,Cliente 04,105255.59,18372.0,8163.43,9848.8,2979.92,2700.84,147320.59,42064.99,0.2855
2023-03,Cliente 05,79918.75,22809.49,13607.82,7920.88,3262.3,3163.59,130682.83,50764.09,0.3885
2023-03,Cliente 06,67515.18,16900.38,8924.37,3509.11,1381.02,996.51,99226.57,31711.38,0.3196
2023-03,Cliente 07,61311.53,14364.17,6834.21,5814.25,3663.71,973.33,92961.2,31649.67,0.3405
2023-03,Cliente 08,88973.63,19365.88,8113.28,8159.03,5299.79,2653.62,132565.25,43591.61,0.3288
2023-03,Cliente 09,116117.98,21332.51,13633.86,7273.17,6591.11,1144.51,166093.15,49975.16,0.3009
2023-03,Cliente 10,56578.98,10191.24,7423.08,3250.19,3271.8,1882.61,82597.9,26018.91,0.315
2023-03,Cliente 11,43071.61,8215.84,5198.02,3425.13,2257.87,355.24,62523.7,19452.09,0.3111
2023-03,Cliente 12,33710.32,7446.48,3838.18,1168.21,1049.53,1144.67,48357.38,14647.06,0.3029
2023-03,Cliente 13,12248.62,3529.33,1055.99,1155.3,356.29,448.82,18794.35,6545.73,0.3483
2023-03,Cliente 14,94303.21,16195.68,10573.67,8142.93,2398.96,1327.83,132942.28,38639.07,0.2906
2023-03,Cliente 15,13518.29,3055.28,1593.45,1114.54,505.61,282.98,20070.14,6551.85,0.3264
2023-03,Cliente 16,57611.52,10355.0,8418.18,5402.77,1826.88,1477.79,85092.12,27480.61,0.323
2023-03,Cliente 17,26629.91,6591.21,3677.5,1400.98,576.88,353.44,39229.91,12600.0,0.3212
2023-03,Cliente 18,16955.43,3155.3,2969.83,707.54,417.19,643.13,24848.42,7892.99,0.3176
2023-03,Cliente 19,73770.6,16663.32,10421.57,5749.98,2841.99,2132.29,111579.75,37809.15,0.3389
2023-03,Cliente 20,53461.49,12204.92,5194.69,5313.96,1582.87,716.83,78474.77,25013.28,0.3187
2023-03,Cliente 21,37635.41,7034.82,4691.28,3495.84,686.27,1129.68,54673.3,17037.89,0.3116
2023-03,Cliente 22,38307.56,10200.92,6279.87,2285.39,1779.93,710.04,59563.7,21256.14,0.3569
2023-03,Cliente 23,68481.66,15843.68,8641.9,2848.15,3279.54,1968.93,101063.86,32582.2,0.3224
2023-03,Cliente 24,71612.88,17325.0,8991.55,3105.88,2127.68,1763.71,104926.7,33313.81,0.3175
2023-03,Cliente 25,80560.98,22890.48,10633.51,7982.51,3326.22,2061.48,127455.18,46894.2,0.3679
2023-04,Cliente 01,80810.73,16338.72,8962.04,5874.39,3766.83,754.76,116507.47,35696.74,0.3064
2023-04,Cliente 02,62278.9,17388.84,7474.14,4345.44,3890.04,1402.39,96779.75,34500.85,0.3565
2023-04,Cliente 03,26124.43,4826.1,2243.57,1865.47,1483.38,882.09,37425.04,11300.61,0.302
2023-04,Cliente 04,12903.52,2281.07,1970.64,576.01,584.76,234.01,18550.0,5646.48,0.3044
2023-04,Cliente 05,73945.38,19430.45,7436.85,7890.74,3022.2,2431.88,114157.51,40212.13,0.3523
2023-04,Cliente 06,108616.57,18301.16,9986.64,5047.54,2776.03,2584.0,147311.93,38695.36,0.2627
2023-04,Cliente 07,124990.92,25433.62,14663.66,11272.4,6797.24,1624.2,184782.03,59791.11,0.3236
2023-04,Cliente 08,68983.73,12700.15,7358.1,7081.17,4042.52,2363.3,102528.97,33545.24,0.3272
2023-04,Cliente 09,86633.18,18441.02,11352.72,7049.41,3692.82,2602.27,129771.43,43138.25,0.3324
2023-04,Cliente 10,54562.11,10435.38,5480.61,2171.47,1290.08,1813.07,75752.71,21190.61,0.2797
2023-04,Cliente 11,51779.74,14248.09,6886.98,1866.49,1727.6,756.96,77265.86,25486.12,0.3298
2023-04,Cliente 12,72853.82,12962.12,6499.4,6048.37,1312.49,2707.84,102384.05,29530.23,0.2884
2023-04,Cliente 13,26049.96,5509.84,2931.91,958.7,1385.13,929.09,37764.64,11714.68,0.3102
2023-04,Cliente 14,9700.32,2897.91,1302.95,462.52,270.49,306.08,14940.27,5239.95,0.3507
2023-04,Cliente 15,86129.08,23722.58,10054.66,4712.65,3272.94,1641.16,129533.07,43403.98,0.3351
2023-04,Cliente 16,28974.45,6668.87,4452.11,1088.54,1205.78,930.28,43320.04,14345.59,0.3312
2023-04,Cliente 17,77124.85,19074.92,9903.65,2909.1,2806.21,1975.07,113793.79,36668.94,0.3222
2023-04,Cliente 18,30889.48,6544.91,4038.67,2259.41,849.43,1193.0,45774.89,14885.41,0.3252
2023-04,Cliente 19,97322.14,29247.83,8536.71,11112.35,6467.63,879.12,153565.78,56243.64,0.3663
2023-04,Cliente 20,97998.95,24301.02,13883.47,6694.94,1739.34,3099.17,147716.89,49717.94,0.3366
2023-04,Cliente 21,74677.31,15509.68,9138.82,3218.56,3743.47,755.87,107043.7,32366.4,0.3024
2023-04,Cliente 22,91722.12,18659.69,10222.6,4822.18,5292.48,2662.57,133381.64,41659.52,0.3123
2023-04,Cliente 23,43725.45,8921.3,5554.35,5093.91,2430.11,706.08,66431.21,22705.76,0.3418
2023-04,Cliente 24,95152.01,26368.64,9736.64,7987.7,5928.1,1593.04,146766.13,51614.12,0.3517
2023-04,Cliente 25,90286.89,14491.47,7038.31,6946.44,2611.5,830.95,122205.56,31918.67,0.2612
2023-05,Cliente 01,61947.19,11473.56,6236.37,5819.0,2391.89,2041.78,89909.78,27962.59,0.311
2023-05,Cliente 02,61432.64,13481.08,4946.46,5696.45,2187.81,694.41,88438.85,27006.21,0.3054
2023-05,Cliente 03,26251.83,4171.71,2585.66,1084.81,933.8,534.06,35561.86,9310.04,0.2618
2023-05,Cliente 04,59851.37,10370.15,8161.5,3911.52,2986.78,725.29,86006.62,26155.24,0.3041
2023-05,Cliente 05,10143.62,2358.21,1204.01,1045.29,368.53,269.62,15389.28,5245.66,0.3409
2023-05,Cliente 06,62481.35,15946.93,7593.59,4637.36,1469.06,2332.73,94461.03,31979.68,0.3385
2023-05,Cliente 07,94342.7,25252.24,15036.48,5837.87,5733.24,3008.77,149211.3,54868.6,0.3677
2023-05,Cliente 08,117338.72,17401.37,12160.01,7969.46,2424.08,1973.58,159267.21,41928.49,0.2633
2023-05,Cliente 09,98312.27,24238.51,16396.11,6441.34,4341.19,4370.91,154100.33,55788.06,0.362
2023-05,Cliente 10,53178.39,9721.74,9080.69,3107.82,2345.25,636.12,78070.01,24891.62,0.3188
2023-05,Cliente 11,58542.03,11902.82,8367.77,2796.86,2134.15,1884.05,85627.69,27085.66,0.3163
2023-05,Cliente 12,52658.45,14984.52,6182.34,4139.93,3495.82,776.61,82237.67,29579.22,0.3597
2023-05,Cliente 13,35903.78,8502.24,3884.46,3495.59,999.43,1197.28,53982.78,18079.0,0.3349
2023-05,Cliente 14,35276.02,7479.27,5019.22,2533.39,1218.53,1289.48,52815.91,17539.89,0.3321
2023-05,Cliente 15,63662.58,18812.76,7342.41,2400.6,2716.58,817.97,95752.89,32090.31,0.3351
2023-05,Cliente 16,35981.31,6003.17,4910.1,3632.84,1532.36,1043.85,53103.64,17122.33,0.3224
2023-05,Cliente 17,92776.05,16901.09,7717.98,6100.6,3450.95,1136.04,128082.71,35306.66,0.2757
2023-05,Cliente 18,64135.8,20237.17,7344.84,2553.03,1538.87,1138.98,96948.68,32812.89,0.3385
2023-05,Cliente 19,33403.23,7364.7,3590.43,2343.44,1297.49,709.1,48708.39,15305.16,0.3142
2023-05,Cliente 20,38939.26,7050.09,4153.75,3996.65,2745.24,1628.9,58513.9,19574.64,0.3345
2023-05,Cliente 21,61841.37,12290.88,8709.71,5718.73,3469.09,2249.68,94279.46,32438.09,0.3441
2023-05,Cliente 22,57636.69,14257.86,5670.05,5760.11,1111.97,2156.76,86593.43,28956.75,0.3344
2023-05,Cliente 23,80123.31,21664.68,7346.03,8312.13,4826.9,2421.95,124695.0,44571.69,0.3574
2023-05,Cliente 24,88306.16,19090.16,11057.59,3459.62,3666.61,1611.4,127191.54,38885.38,0.3057
2023-05,Cliente 25,48979.26,13594.38,5068.74,5162.12,1817.8,922.2,75544.5,26565.24,0.3517
2023-06,Cliente 01,59988.44,11807.49,7356.7,2701.47,2012.92,1597.55,85464.57,25476.13,0.2981
2023-06,Cliente 02,56050.75,10030.23,8195.47,4929.18,3247.59,1810.93,84264.15,28213.4,0.3348
2023-06,Cliente 03,24182.06,4367.53,3495.28,1891.91,688.34,907.04,35532.17,11350.11,0.3194
2023-06,Cliente 04,21579.31,5362.13,1800.34,1696.64,1172.42,215.95,31826.8,10247.48,0.322
2023-06,Cliente 05,58595.79,15229.95,5566.54,6653.17,3666.5,867.76,90579.73,31983.94,0.3531
2023-06,Cliente 06,43610.13,10759.61,4929.47,1900.82,896.92,1708.15,63805.1,20194.97,0.3165
2023-06,Cliente 07,61369.8,12491.55,8663.4,2198.16,1209.64,2126.48,88059.04,26689.24,0.3031
2023-06,Cliente 08,102323.37,22001.85,12442.88,6991.91,2690.21,3935.17,150385.39,48062.01,0.3196
2023-06,Cliente 09,37246.14,5984.71,2949.83,2992.37,1145.6,1028.52,51347.17,14101.03,0.2746
2023-06,Cliente 10,21129.92,4878.53,2862.57,818.48,598.21,377.36,30665.07,9535.16,0.3109
2023-06,Cliente 11,61613.25,10866.02,7093.08,3391.66,2236.17,926.4,86126.57,24513.33,0.2846
2023-06,Cliente 12,37491.6,7628.94,3915.93,2718.27,1930.1,732.16,54417.0,16925.4,0.311
2023-06,Cliente 13,77791.01,15868.54,10689.21,6681.03,1316.6,1520.38,113866.75,36075.75,0.3168
2023-06,Cliente 14,90896.21,17797.53,7115.26,6263.76,1796.67,2608.41,126477.85,35581.63,0.2813
2023-06,Cliente 15,65039.33,16745.79,8044.29,4999.76,3223.46,2157.96,100210.6,35171.27,0.351
2023-06,Cliente 16,87982.18,22887.16,9632.48,9981.55,4665.01,2123.18,137271.56,49289.38,0.3591
2023-06,Cliente 17,27661.61,7195.72,2772.27,1136.16,1686.84,933.83,41386.43,13724.81,0.3316
2023-06,Cliente 18,28484.55,8526.73,4096.75,2423.54,922.33,526.79,44980.7,16496.15,0.3667
2023-06,Cliente 19,14188.46,2226.48,1081.3,1215.42,827.85,433.23,19972.72,5784.26,0.2896
2023-06,Cliente 20,57818.6,12520.66,6147.71,4277.7,2128.8,1574.55,84468.03,26649.42,0.3155
2023-06,Cliente 21,114110.71,17346.99,11298.31,4738.27,3355.77,1754.2,152604.25,38493.54,0.2522
2023-06,Cliente 22,29109.07,6118.8,4203.02,947.35,525.99,572.25,41476.48,12367.41,0.2982
2023-06,Cliente 23,16648.32,5052.67,1707.4,844.71,768.55,422.56,25444.2,8795.88,0.3457
2023-06,Cliente 24,67184.55,18403.82,6306.16,4588.15,3399.92,2477.39,102359.99,35175.44,0.3436
2023-06,Cliente 25,48259.16,8018.19,4446.0,1782.24,2418.91,817.63,65742.13,17482.97,0.2659
2023-07,Cliente 01,75268.65,22717.15,12336.41,3286.04,1439.98,823.41,115871.65,40603.0,0.3504
2023-07,Cliente 02,91203.68,22420.72,11113.94,9316.07,3844.32,2339.79,140238.53,49034.84,0.3497
2023-07,Cliente 03,102023.06,29662.54,9371.1,7819.86,6520.35,3261.83,158658.74,56635.68,0.357
2023-07,Cliente 04,75491.3,17094.27,8750.25,5900.02,3056.4,1477.56,111769.8,36278.49,0.3246
2023-07,Cliente 05,38433.39,8450.48,3760.56,4160.05,1835.48,502.03,57141.99,18708.6,0.3274
2023-07,Cliente 06,87681.98,15409.3,7449.38,2645.53,1478.42,2621.46,117286.06,29604.08,0.2524
2023-07,Cliente 07,99034.7,28434.27,9533.45,8824.31,5813.71,2167.38,153807.81,54773.12,0.3561
2023-07,Cliente 08,10742.58,3012.99,1056.66,495.3,230.52,270.63,15808.68,5066.1,0.3205
2023-07,Cliente 09,75855.52,18174.03,10731.98,6837.54,1975.44,1827.95,115402.46,39546.94,0.3427
2023-07,Cliente 10,38409.68,11184.29,5388.2,4403.7,1442.11,1009.07,61837.07,23427.39,0.3789
2023-07,Cliente 11,53990.58,11343.42,7284.84,2228.77,3618.86,713.1,79179.58,25188.99,0.3181
2023-07,Cliente 12,31688.82,5136.33,4529.01,2682.93,574.8,897.9,45509.78,13820.96,0.3037
2023-07,Cliente 13,79113.82,19820.81,10242.98,5878.53,2345.5,2258.65,119660.29,40546.47,0.3388
2023-07,Cliente 14,110332.58,26479.27,12423.99,9994.68,6903.91,1419.13,167553.56,57220.98,0.3415
2023-07,Cliente 15,30534.34,6703.45,3802.95,1086.69,1070.94,806.27,44004.65,13470.31,0.3061
2023-07,Cliente 16,72355.6,17583.24,9156.27,6638.97,3206.45,1757.03,110697.57,38341.97,0.3464
2023-07,Cliente 17,65008.25,14015.77,8784.26,7321.1,3493.41,783.09,99405.89,34397.63,0.346
2023-07,Cliente 18,65748.28,17891.92,10299.95,5599.39,3127.1,1326.98,103993.61,38245.34,0.3678
2023-07,Cliente 19,60235.24,13991.83,6734.88,3404.47,1020.27,696.65,86083.35,25848.11,0.3003
2023-07,Cliente 20,28390.94,8223.5,3525.76,1487.09,617.12,551.23,42795.64,14404.7,0.3366
2023-07,Cliente 21,90879.51,24204.63,13483.83,3820.83,4227.54,3617.51,140233.85,49354.34,0.3519
2023-07,Cliente 22,45365.7,14144.34,7662.07,3750.94,2161.35,751.28,73835.67,28469.98,0.3856
2023-07,Cliente 23,93849.32,15428.04,12640.23,10142.86,5238.48,1583.8,138882.73,45033.41,0.3243
2023-07,Cliente 24,16446.11,4163.93,1823.47,1240.29,568.26,318.79,24560.85,8114.74,0.3304
2023-07,Cliente 25,19593.67,4117.13,3187.4,947.26,583.14,554.38,28982.99,9389.32,0.324
2023-08,Cliente 01,29009.37,7325.31,3454.21,2590.88,1886.87,404.98,44671.61,15662.24,0.3506
2023-08,Cliente 02,113577.73,27563.14,13516.55,8452.76,4835.01,3117.11,171062.31,57484.57,0.336
2023-08,Cliente 03,12292.31,2602.09,1578.34,688.65,183.79,269.24,17614.42,5322.11,0.3021
2023-08,Cliente 04,60746.24,12550.67,6167.04,4576.8,2097.91,2407.81,88546.47,27800.24,0.314
2023-08,Cliente 05,26030.55,5377.06,3359.24,1957.42,1276.05,1044.79,39045.12,13014.56,0.3333
2023-08,Cliente 06,40582.98,6330.47,3917.28,2680.19,678.32,1076.98,55266.22,14683.24,0.2657
2023-08,Cliente 07,84023.11,17937.27,10178.73,5051.88,1426.29,888.33,119505.6,35482.5,0.2969
2023-08,Cliente 08,86069.97,12463.03,9584.93,7082.98,4283.39,1957.39,121441.69,35371.71,0.2913
2023-08,Cliente 09,76764.8,19788.2,6581.45,7777.14,1264.41,2547.92,114723.92,37959.12,0.3309
2023-08,Cliente 10,16021.77,2774.83,1998.95,1015.7,414.37,387.87,22613.5,6591.73,0.2915
2023-08,Cliente 11,54137.29,13954.56,6725.22,2134.12,1535.18,1893.68,80380.04,26242.75,0.3265
2023-08,Cliente 12,18111.61,5199.08,2891.0,1202.25,889.89,418.98,28712.8,10601.19,0.3692
2023-08,Cliente 13,77286.54,15538.83,11244.59,4406.39,4177.06,1675.26,114328.66,37042.13,0.324
2023-08,Cliente 14,108534.64,22489.09,14298.09,5412.61,4004.64,1443.55,156182.61,47647.98,0.3051
2023-08,Cliente 15,105764.37,27038.96,14742.53,10675.97,2646.24,3712.02,164580.09,58815.73,0.3574
2023-08,Cliente 16,67011.25,15822.69,7333.98,3761.23,1883.41,726.36,96538.91,29527.66,0.3059
2023-08,Cliente 17,66221.3,14579.93,7371.65,4015.91,2319.81,890.38,95398.99,29177.69,0.3058
2023-08,Cliente 18,87418.39,23722.89,13268.92,7349.75,5411.32,1631.64,138802.9,51384.51,0.3702
2023-08,Cliente 19,105813.69,26300.51,13355.49,9999.84,6385.45,2150.78,164005.76,58192.07,0.3548
2023-08,Cliente 20,98787.28,20338.55,14384.3,5930.23,4025.62,1062.82,144528.79,45741.51,0.3165
2023-08,Cliente 21,35328.42,6882.97,3642.25,1687.72,1293.17,1103.39,49937.92,14609.5,0.2926
2023-08,Cliente 22,91197.31,23752.17,11936.42,8251.29,3810.2,2110.72,141058.11,49860.8,0.3535
2023-08,Cliente 23,59179.87,13007.75,6835.19,5654.43,3005.84,1098.31,88781.38,29601.52,0.3334
2023-08,Cliente 24,99737.56,16515.76,11640.25,5040.31,4732.81,1437.96,139104.66,39367.09,0.283
2023-08,Cliente 25,73993.37,17721.56,12255.19,4913.7,4562.37,3111.7,116557.89,42564.52,0.3652
2023-09,Cliente 01,91607.34,26384.07,8223.67,6320.65,5756.05,2991.81,141283.59,49676.25,0.3516
2023-09,Cliente 02,62583.0,16977.19,8795.86,4468.04,3784.18,987.75,97596.02,35013.02,0.3588
2023-09,Cliente 03,27870.16,7664.03,2688.75,1400.51,611.58,957.63,41192.67,13322.5,0.3234
2023-09,Cliente 04,32747.21,9385.78,2649.56,2503.87,1328.19,1107.27,49721.87,16974.67,0.3414
2023-09,Cliente 05,45023.29,8351.25,6408.07,4361.0,1038.06,947.44,66129.11,21105.82,0.3192
2023-09,Cliente 06,89347.05,20112.72,12621.45,5958.25,2948.12,2305.2,133292.78,43945.74,0.3297
2023-09,Cliente 07,28294.32,7036.48,3540.58,1108.3,1588.23,382.07,41949.98,13655.66,0.3255
2023-09,Cliente 08,85293.13,22961.09,8515.92,4141.66,3517.25,798.98,125228.04,39934.9,0.3189
2023-09,Cliente 09,34361.93,8712.58,2819.45,3344.56,1770.03,1168.37,52176.92,17814.99,0.3414
2023-09,Cliente 10,84802.72,18495.15,10763.01,8590.09,1695.17,1473.71,125819.85,41017.13,0.326
2023-09,Cliente 11,18645.38,3655.68,2257.95,1672.72,1070.93,221.99,27524.66,8879.27,0.3226
2023-09,Cliente 12,100362.74,15266.42,12885.51,5544.2,4327.94,2245.07,140631.88,40269.14,0.2863
2023-09,Cliente 13,32995.14,6327.05,3191.77,3002.2,1188.53,539.96,47244.65,14249.51,0.3016
2023-09,Cliente 14,84345.7,18487.27,12496.06,5072.25,4530.44,839.91,125771.62,41425.92,0.3294
2023-09,Cliente 15,95712.96,22990.81,10826.4,7037.05,2823.51,2548.13,141938.86,46225.9,0.3257
2023-09,Cliente 16,99442.9,19810.44,7541.37,7076.33,1928.61,1406.27,137205.93,37763.03,0.2752
2023-09,Cliente 17,45680.21,7943.15,4036.34,1540.66,2506.61,1306.73,63013.69,17333.49,0.2751
2023-09,Cliente 18,11966.77,3124.11,1384.57,1076.02,497.42,506.66,18555.56,6588.79,0.3551
2023-09,Cliente 19,40734.48,6519.07,6110.94,4314.07,2010.39,893.85,60582.81,19848.33,0.3276
2023-09,Cliente 20,34466.59,8151.83,3134.25,2183.32,1225.22,1104.37,50265.57,15798.99,0.3143
2023-09,Cliente 21,82641.74,19429.06,8120.49,4932.56,1453.46,2651.13,119228.45,36586.7,0.3069
2023-09,Cliente 22,53227.1,10341.25,5227.43,4269.6,1467.54,543.23,75076.14,21849.05,0.291
2023-09,Cliente 23,85899.7,18472.36,10136.5,8604.87,2779.68,2855.54,128748.64,42848.95,0.3328
2023-09,Cliente 24,110368.3,22874.21,14858.39,7293.2,3814.14,2636.35,161844.58,51476.28,0.3181
2023-09,Cliente 25,38137.65,8980.1,3788.76,2732.17,1800.77,1592.17,57031.61,18893.96,0.3313
2023-10,Cliente 01,13492.6,2865.81,1070.08,681.27,284.33,195.84,18589.93,5097.33,0.2742
2023-10,Cliente 02,36797.31,8582.67,3018.19,1694.15,772.31,964.47,51829.11,15031.79,0.29
2023-10,Cliente 03,43813.92,8159.48,3548.82,4647.66,918.14,522.31,61610.32,17796.4,0.2889
2023-10,Cliente 04,27316.12,5854.03,3154.58,2716.56,495.75,959.52,40496.56,13180.44,0.3255
2023-10,Cliente 05,31312.19,6501.59,3367.3,3239.06,704.47,1213.7,46338.33,15026.13,0.3243
2023-10,Cliente 06,50203.02,13760.89,4101.15,5129.78,2096.67,1480.38,76771.88,26568.86,0.3461
2023-10,Cliente 07,24958.02,6096.06,2884.49,1099.3,686.28,875.02,36599.16,11641.15,0.3181
2023-10,Cliente 08,13577.95,3722.78,1042.13,580.34,625.27,128.26,19676.73,6098.77,0.3099
2023-10,Cliente 09,73297.0,16516.16,7666.56,6162.08,3125.61,1027.99,107795.4,34498.4,0.32
2023-10,Cliente 10,73630.52,16548.77,7941.59,3893.57,1357.23,1067.58,104439.26,30808.74,0.295
2023-10,Cliente 11,11758.28,1984.41,1528.65,478.96,311.78,225.15,16287.24,4528.97,0.2781
2023-10,Cliente 12,45896.09,12102.92,6425.41,1896.75,2281.99,545.4,69148.56,23252.47,0.3363
2023-10,Cliente 13,104011.82,21030.07,9586.41,3412.0,2889.68,3857.75,144787.73,40775.91,0.2816
2023-10,Cliente 14,101919.78,15836.14,11666.55,4815.21,3852.5,1671.98,139762.17,37842.39,0.2708
2023-10,Cliente 15,39291.62,7083.09,4537.55,3245.53,855.26,1458.55,56471.6,17179.98,0.3042
2023-10,Cliente 16,66246.23,14994.33,8417.02,5493.85,3568.91,1700.35,100420.69,34174.46,0.3403
2023-10,Cliente 17,34407.31,9044.52,3247.36,1952.93,719.98,973.14,50345.23,15937.92,0.3166
2023-10,Cliente 18,26596.42,6768.45,3776.38,1470.73,1097.28,674.08,40383.34,13786.92,0.3414
2023-10,Cliente 19,60305.94,10866.13,9206.09,2316.73,3244.45,1570.46,87509.81,27203.86,0.3109
2023-10,Cliente 20,36667.24,5914.53,4915.23,2742.31,738.08,365.1,51342.49,14675.25,0.2858
2023-10,Cliente 21,82491.19,23769.87,12236.54,7626.27,2549.73,2663.72,131337.32,48846.13,0.3719
2023-10,Cliente 22,96649.02,21617.94,10583.88,6799.91,5532.51,2483.35,143666.6,47017.58,0.3273
2023-10,Cliente 23,65188.27,12151.03,6915.59,6876.0,3064.69,1371.16,95566.74,30378.47,0.3179
2023-10,Cliente 24,81339.15,17485.38,8938.82,10067.06,4531.96,2522.38,124884.76,43545.61,0.3487
2023-10,Cliente 25,9139.82,2386.72,1091.53,1047.67,521.22,220.69,14407.66,5267.83,0.3656
2023-11,Cliente 01,96557.38,18980.93,11388.45,9142.96,2421.21,3152.13,141643.06,45085.68,0.3183
2023-11,Cliente 02,20126.69,5056.87,2510.3,1392.33,886.84,249.79,30222.82,10096.13,0.3341
2023-11,Cliente 03,29860.33,7475.25,3645.79,1629.53,1844.98,631.02,45086.9,15226.57,0.3377
2023-11,Cliente 04,54172.01,10149.07,7670.7,3758.47,929.16,2151.12,78830.52,24658.51,0.3128
2023-11,Cliente 05,98517.33,25361.46,14263.01,5516.46,4238.01,2569.57,150465.84,51948.51,0.3453
2023-11,Cliente 06,34475.2,6449.04,4903.64,3489.88,1940.32,669.39,51927.46,17452.26,0.3361
2023-11,Cliente 07,30202.41,7024.52,4689.09,3114.89,1831.65,1075.35,47937.91,17735.5,0.37
2023-11,Cliente 08,107946.18,18077.01,9435.44,6881.56,3087.89,1462.7,146890.78,38944.61,0.2651
2023-11,Cliente 09,99803.24,30450.31,15167.74,8966.63,5216.69,2003.51,161608.13,61804.89,0.3824
2023-11,Cliente 10,70320.21,21292.58,7918.84,3985.51,3812.22,2205.58,109534.94,39214.73,0.358
2023-11,Cliente 11,57692.58,10087.95,7485.16,2999.79,1626.92,737.51,80629.9,22937.32,0.2845
2023-11,Cliente 12,41883.52,9521.89,4157.08,2070.85,1833.51,529.23,59996.08,18112.56,0.3019
2023-11,Cliente 13,88985.77,17260.0,12230.57,3205.87,1452.5,2499.68,125634.39,36648.62,0.2917
2023-11,Cliente 14,95088.83,14695.8,12488.86,5457.85,2684.88,1189.28,131605.49,36516.66,0.2775
2023-11,Cliente 15,100351.07,29799.68,14701.56,10178.41,5622.66,3975.79,164629.18,64278.11,0.3904
2023-11,Cliente 16,24934.74,6702.87,3068.23,1187.05,706.36,527.36,37126.61,12191.87,0.3284
2023-11,Cliente 17,14850.66,4607.31,1744.34,1837.57,1035.12,208.76,24283.77,9433.1,0.3885
2023-11,Cliente 18,85112.06,20642.66,7287.62,3912.82,1635.33,2271.36,120861.84,35749.78,0.2958
2023-11,Cliente 19,115703.71,27887.92,17641.72,9582.85,1992.19,3971.79,176780.18,61076.47,0.3455
2023-11,Cliente 20,41393.76,10567.57,7280.46,2470.64,1860.16,637.12,64209.71,22815.95,0.3553
2023-11,Cliente 21,13781.85,3877.99,2285.29,666.07,457.27,218.24,21286.7,7504.86,0.3526
2023-11,Cliente 22,12300.24,3031.15,1601.01,765.64,517.85,133.73,18349.61,6049.37,0.3297
2023-11,Cliente 23,27908.14,6510.87,3889.71,2663.65,1192.84,953.43,43118.64,15210.5,0.3528
2023-11,Cliente 24,46111.33,8794.88,4646.32,2074.45,1721.28,1593.5,64941.75,18830.42,0.29
2023-11,Cliente 25,92878.98,16249.72,12712.23,5489.56,1511.27,1543.56,130385.32,37506.34,0.2877
2023-12,Cliente 01,41113.03,11472.1,6120.06,3809.73,985.52,1471.43,64971.87,23858.84,0.3672
2023-12,Cliente 02,73407.6,19244.25,9400.57,5318.71,1693.63,1947.41,111012.17,37604.57,0.3387
2023-12,Cliente 03,18094.63,3482.77,3076.62,1078.28,650.44,360.28,26743.02,8648.39,0.3234
2023-12,Cliente 04,103548.59,28322.52,10608.12,4201.34,4355.55,1943.97,152980.09,49431.5,0.3231
2023-12,Cliente 05,100455.83,20300.82,14520.5,7019.64,2670.46,2177.24,147144.5,46688.66,0.3173
2023-12,Cliente 06,14187.35,2287.3,1384.41,1021.12,238.84,139.34,19258.36,5071.01,0.2633
2023-12,Cliente 07,72820.7,17942.21,8692.1,4078.09,2034.03,2632.02,108199.14,35378.45,0.327
2023-12,Cliente 08,98219.19,30406.0,13715.31,8958.51,5383.36,3282.25,159964.63,61745.44,0.386
2023-12,Cliente 09,93545.4,21438.66,9946.5,3796.22,4498.93,852.35,134078.06,40532.66,0.3023
2023-12,Cliente 10,34118.73,6970.79,4955.5,3110.1,1368.76,411.47,50935.35,16816.62,0.3302
2023-12,Cliente 11,52155.9,13636.63,6829.82,3856.32,2128.88,2104.36,80711.91,28556.01,0.3538
2023-12,Cliente 12,87304.51,19338.04,7174.5,9383.37,2736.39,1414.49,127351.3,40046.79,0.3145
2023-12,Cliente 13,118340.47,18671.92,9551.79,3827.44,5035.21,1157.0,156583.83,38243.36,0.2442
2023-12,Cliente 14,116706.85,24283.96,13661.33,5846.82,2014.45,3337.8,165851.2,49144.35,0.2963
2023-12,Cliente 15,17895.12,3971.09,1609.55,1325.9,992.96,668.55,26463.16,8568.04,0.3238
2023-12,Cliente 16,77662.72,15201.48,10603.7,5199.11,1914.65,2739.63,113321.28,35658.56,0.3147
2023-12,Cliente 17,33440.88,7209.04,4125.36,2267.96,1553.93,1368.14,49965.3,16524.43,0.3307
2023-12,Cliente 18,39719.4,8044.3,5760.06,1763.02,828.72,952.33,57067.83,17348.43,0.304
2023-12,Cliente 19,84242.69,18523.03,11162.97,4988.58,1382.72,921.56,121221.54,36978.85,0.3051
2023-12,Cliente 20,12819.45,2986.78,1450.53,1027.32,522.29,396.96,19203.33,6383.88,0.3324
2023-12,Cliente 21,74742.85,15968.37,9911.04,6230.13,2431.07,1451.36,110734.82,35991.97,0.325
2023-12,Cliente 22,83812.23,14351.06,9332.0,8371.4,1436.24,2862.76,120165.69,36353.46,0.3025
2023-12,Cliente 23,26248.33,5615.64,2117.45,2757.36,991.42,1009.76,38739.97,12491.64,0.3224
2023-12,Cliente 24,42369.01,10829.4,4850.52,1877.73,1904.12,995.73,62826.51,20457.5,0.3256
2023-12,Cliente 25,105223.34,20754.73,9723.67,9384.93,6701.2,951.09,152738.95,47515.61,0.3111
2024-01,Cliente 01,94517.96,14537.99,7614.29,7489.38,4038.24,874.69,129072.55,34554.59,0.2677
2024-01,Cliente 02,95961.3,26348.83,14336.56,9256.27,3889.82,1532.02,151324.79,55363.5,0.3659
2024-01,Cliente 03,55656.55,15039.56,5584.04,4486.89,1145.54,1082.39,82994.97,27338.41,0.3294
2024-01,Cliente 04,34267.83,8683.76,2817.36,3331.59,1909.13,631.28,51640.94,17373.11,0.3364
2024-01,Cliente 05,75527.26,13899.88,9457.5,3009.0,4498.31,2906.03,109297.98,33770.72,0.309
2024-01,Cliente 06,95516.05,21773.06,14940.74,4877.6,1848.72,2445.02,141401.18,45885.13,0.3245
2024-01,Cliente 07,41435.57,6964.22,5526.95,2299.2,1082.77,402.25,57710.95,16275.38,0.282
2024-01,Cliente 08,51219.99,9535.21,6306.57,4343.97,1490.6,1610.03,74506.38,23286.39,0.3125
2024-01,Cliente 09,81872.85,12926.27,6684.62,8982.22,4322.8,3067.72,117856.49,35983.64,0.3053
2024-01,Cliente 10,90636.55,26769.44,11890.69,9747.24,1671.82,1764.0,142479.74,51843.19,0.3639
2024-01,Cliente 11,92963.36,20786.5,9041.68,4935.9,5420.17,1915.57,135063.19,42099.83,0.3117
2024-01,Cliente 12,56181.7,11785.88,6891.98,3694.56,3089.52,2057.91,83701.55,27519.85,0.3288
2024-01,Cliente 13,107126.83,22850.53,14392.07,10451.34,4538.89,3207.1,162566.77,55439.94,0.341
2024-01,Cliente 14,90360.85,22149.95,8382.28,6230.47,3834.93,700.4,131658.88,41298.03,0.3137
2024-01,Cliente 15,100224.57,17237.42,14188.82,8726.1,5116.5,2006.17,147499.58,47275.02,0.3205
2024-01,Cliente 16,95453.61,22711.71,7802.18,8147.05,4919.28,2548.46,141582.29,46128.68,0.3258
2024-01,Cliente 17,65089.05,14976.98,6194.33,6586.9,3026.03,2399.92,98273.21,33184.16,0.3377
2024-01,Cliente 18,120548.92,28116.61,14103.28,5013.88,4609.38,3559.06,175951.13,55402.21,0.3149
2024-01,Cliente 19,68663.98,10979.65,6969.7,4572.47,2318.6,723.92,94228.33,25564.35,0.2713
2024-01,Cliente 20,27250.13,5596.12,2114.86,839.9,976.21,334.26,37111.48,9861.35,0.2657
2024-01,Cliente 21,87909.54,15533.44,10456.29,3641.2,2509.69,2991.52,123041.67,35132.13,0.2855
2024-01,Cliente 22,71549.91,12365.67,6967.74,4562.75,2556.79,2614.48,100617.34,29067.43,0.2889
2024-01,Cliente 23,22966.04,5729.51,2631.39,1260.53,866.63,367.61,33821.72,10855.67,0.321
2024-01,Cliente 24,91745.05,25562.27,11914.83,6713.51,4601.2,2214.34,142751.21,51006.16,0.3573
2024-01,Cliente 25,94878.06,29213.65,14882.03,10353.37,4021.87,3571.32,156920.3,62042.24,0.3954
2024-02,Cliente 01,43589.34,7299.05,4288.29,2774.75,1290.67,835.99,60078.11,16488.76,0.2745
2024-02,Cliente 02,88461.93,23994.02,8069.87,8761.54,5074.82,1959.23,136321.41,47859.48,0.3511
2024-02,Cliente 03,92237.81,22017.9,9330.51,5933.46,4479.99,1456.42,135456.1,43218.29,0.3191
2024-02,Cliente 04,88467.85,24283.82,8022.8,3280.56,5895.33,3305.55,133255.91,44788.05,0.3361
2024-02,Cliente 05,111294.71,21700.92,10337.78,4257.95,4022.57,1510.45,153124.39,41829.68,0.2732
2024-02,Cliente 06,93252.94,18876.8,10555.52,5072.14,2840.83,3069.07,133667.31,40414.37,0.3024
2024-02,Cliente 07,44340.87,11820.99,5531.99,3778.3,1447.42,565.76,67485.32,23144.45,0.343
2024-02,Cliente 08,47163.7,10167.14,4336.92,2888.7,2380.81,1247.18,68184.45,21020.75,0.3083
2024-02,Cliente 09,73403.52,16534.17,8830.31,3170.23,1418.21,2612.74,105969.18,32565.65,0.3073
2024-02,Cliente 10,69692.84,16744.16,6042.33,6954.61,1877.82,2400.39,103712.15,34019.31,0.328
2024-02,Cliente 11,61025.04,10566.59,9367.2,2973.74,1192.07,2075.58,87200.21,26175.18,0.3002
2024-02,Cliente 12,44265.45,8713.79,6763.42,2536.78,1186.36,813.79,64279.59,20014.15,0.3114
2024-02,Cliente 13,28997.7,5173.89,2810.58,1982.16,1765.34,298.19,41027.86,12030.16,0.2932
2024-02,Cliente 14,34375.27,8575.69,4206.3,1604.11,1131.78,462.06,50355.21,15979.94,0.3173
2024-02,Cliente 15,21983.77,5290.08,2462.64,1830.46,684.06,431.6,32682.6,10698.83,0.3274
2024-02,Cliente 16,99167.73,18293.59,11429.72,4932.31,1687.35,2873.9,138384.61,39216.88,0.2834
2024-02,Cliente 17,26528.18,6005.39,2559.38,1068.62,883.34,1039.15,38084.07,11555.89,0.3034
2024-02,Cliente 18,70738.55,12012.38,9321.38,2867.34,3061.12,2334.49,100335.26,29596.71,0.295
2024-02,Cliente 19,50503.0,8810.96,4349.75,3523.11,3098.57,838.84,71124.23,20621.23,0.2899
2024-02,Cliente 20,71607.76,11505.85,6325.86,4011.75,3302.85,1512.01,98266.08,26658.33,0.2713
2024-02,Cliente 21,92595.7,21873.94,13561.44,7857.86,4841.95,2947.11,143678.01,51082.3,0.3555
2024-02,Cliente 22,90817.5,23680.89,9994.08,7034.08,3448.07,2983.67,137958.29,47140.79,0.3417
2024-02,Cliente 23,57991.8,14128.14,8453.21,2796.02,2696.27,1735.41,87800.85,29809.05,0.3395
2024-02,Cliente 24,116273.36,24724.96,13382.21,4807.39,6652.13,1711.87,167551.93,51278.57,0.306
2024-02,Cliente 25,90084.7,18208.5,8150.21,3963.16,4803.87,2047.67,127258.12,37173.42,0.2921
2024-03,Cliente 01,19642.82,3585.12,2802.64,1059.84,478.2,200.06,27768.68,8125.86,0.2926
2024-03,Cliente 02,61392.13,15914.86,7279.27,3696.86,1774.3,1049.98,91107.4,29715.27,0.3262
2024-03,Cliente 03,96614.53,30098.08,11152.42,4104.8,2935.06,1036.86,145941.74,49327.21,0.338
2024-03,Cliente 04,91120.51,18454.1,12079.35,7490.48,5552.0,3521.25,138217.7,47097.19,0.3407
2024-03,Cliente 05,85639.82,20802.15,9493.1,7030.59,1572.03,2566.68,127104.37,41464.55,0.3262
2024-03,Cliente 06,97750.39,28989.07,16788.17,5438.53,4471.85,4091.94,157529.95,59779.56,0.3795
2024-03,Cliente 07,98717.45,22186.16,14726.08,5390.07,3424.19,947.98,145391.92,46674.48,0.321
2024-03,Cliente 08,25584.0,6140.29,3325.12,2376.23,905.77,422.26,38753.67,13169.67,0.3398
2024-03,Cliente 09,10208.55,2196.19,1035.1,369.11,258.7,321.93,14389.59,4181.05,0.2906
2024-03,Cliente 10,82070.21,19479.16,9318.87,3195.28,3200.55,740.86,118004.92,35934.71,0.3045
2024-03,Cliente 11,52392.76,11556.25,5509.4,4674.28,3033.02,1753.8,78919.51,26526.75,0.3361
2024-03,Cliente 12,74793.97,12152.78,10215.2,5602.76,2148.92,1370.4,106284.03,31490.06,0.2963
2024-03,Cliente 13,109019.03,23386.13,13727.19,6891.39,4082.87,1830.3,158936.9,49917.87,0.3141
2024-03,Cliente 14,57172.88,9037.42,7860.05,2990.62,2669.03,1563.62,81293.62,24120.74,0.2967
2024-03,Cliente 15,78667.11,21681.65,9252.46,6945.85,3823.25,1193.14,121563.46,42896.35,0.3529
2024-03,Cliente 16,37887.17,7546.27,4219.51,2441.91,1736.03,580.27,54411.17,16524.0,0.3037
2024-03,Cliente 17,90933.64,23116.26,7986.89,6425.05,1602.13,2735.29,132799.26,41865.62,0.3153
2024-03,Cliente 18,49652.64,9030.71,5607.2,2357.13,2051.21,1028.41,69727.3,20074.66,0.2879
2024-03,Cliente 19,44211.27,8294.79,4264.14,5327.1,1703.51,383.71,64184.51,19973.25,0.3112
2024-03,Cliente 20,95244.47,22990.88,14790.34,11320.89,5405.81,2458.2,152210.59,56966.12,0.3743
2024-03,Cliente 21,97717.37,31456.6,16254.57,11680.16,3101.37,1379.75,161589.82,63872.45,0.3953
2024-03,Cliente 22,78075.44,17653.24,11975.66,6347.3,2405.8,1617.98,118075.41,39999.97,0.3388
2024-03,Cliente 23,21432.86,4127.3,3351.47,2045.5,959.38,462.37,32378.88,10946.01,0.3381
2024-03,Cliente 24,84194.6,21363.75,9692.18,7642.68,3175.04,1815.69,127883.94,43689.33,0.3416
2024-03,Cliente 25,95933.19,20777.51,10295.51,7248.38,4157.22,2873.35,141285.16,45351.97,0.321
2024-04,Cliente 01,50129.26,14569.44,5790.02,5690.83,1395.5,1393.83,78968.89,28839.63,0.3652
2024-04,Cliente 02,69817.73,11504.3,9887.89,4822.07,2856.01,1574.18,100462.18,30644.45,0.305
2024-04,Cliente 03,13080.93,2536.0,1406.07,1098.62,522.16,143.77,18787.54,5706.62,0.3037
2024-04,Cliente 04,15631.85,3118.28,2175.37,781.55,986.08,248.75,22941.88,7310.03,0.3186
2024-04,Cliente 05,20465.86,3713.32,2140.75,2041.03,1151.34,579.66,30091.96,9626.1,0.3199
2024-04,Cliente 06,16853.61,4724.44,2567.49,667.29,577.06,298.32,25688.2,8834.6,0.3439
2024-04,Cliente 07,23816.96,4438.07,2448.0,892.58,907.91,297.19,32800.71,8983.75,0.2739
2024-04,Cliente 08,49317.66,15214.48,4940.31,3977.71,1372.9,563.27,75386.33,26068.67,0.3458
2024-04,Cliente 09,27007.01,5377.63,3612.81,2544.39,610.58,668.64,39821.05,12814.04,0.3218
2024-04,Cliente 10,64894.71,14391.83,5943.63,3438.81,2662.03,2751.44,94082.45,29187.73,0.3102
2024-04,Cliente 11,125020.28,24009.96,9692.82,6489.87,3073.1,947.6,169233.63,44213.35,0.2613
2024-04,Cliente 12,18980.32,3905.93,1812.64,1713.97,636.18,676.85,27725.89,8745.57,0.3154
2024-04,Cliente 13,34541.14,6282.82,4094.23,1512.69,813.06,944.33,48188.26,13647.12,0.2832
2024-04,Cliente 14,33701.74,10205.62,3052.07,2824.25,1547.86,585.96,51917.5,18215.76,0.3509
2024-04,Cliente 15,50519.64,14146.99,5479.76,2661.55,1744.48,2067.52,76619.95,26100.3,0.3406
2024-04,Cliente 16,101325.52,22278.37,12174.0,6442.57,5440.21,2228.11,149888.78,48563.26,0.324
2024-04,Cliente 17,47539.99,10573.5,4135.54,2916.63,1427.53,1614.21,68207.41,20667.42,0.303
2024-04,Cliente 18,52181.65,10494.04,6795.61,2074.46,2925.15,1132.5,75603.41,23421.75,0.3098
2024-04,Cliente 19,33922.82,7013.8,3954.39,3233.36,2227.18,1063.63,51415.19,17492.37,0.3402
2024-04,Cliente 20,64989.76,17503.79,9736.82,3648.23,4064.18,1358.39,101301.17,36311.41,0.3585
2024-04,Cliente 21,102177.33,22977.03,8538.15,7248.74,1993.98,3055.35,145990.58,43813.25,0.3001
2024-04,Cliente 22,40184.05,10613.3,3626.7,2434.75,1806.49,822.57,59487.87,19303.81,0.3245
2024-04,Cliente 23,24306.02,5810.7,3615.49,2135.22,643.96,614.44,37125.83,12819.82,0.3453
2024-04,Cliente 24,44903.87,12028.07,4974.24,3570.79,2863.54,1199.11,69539.62,24635.75,0.3543
2024-04,Cliente 25,65528.2,13345.49,6430.04,6803.02,4097.38,1019.64,97223.75,31695.56,0.326
2024-05,Cliente 01,30630.17,7538.08,4150.16,2780.99,1901.63,557.9,47558.94,16928.77,0.356
2024-05,Cliente 02,78417.64,15395.97,11796.91,3064.45,3879.09,2419.17,114973.22,36555.58,0.3179
2024-05,Cliente 03,104230.79,20874.78,15172.89,9719.42,4152.29,3379.87,157530.03,53299.25,0.3383
2024-05,Cliente 04,37794.48,10017.42,3901.2,2615.28,2281.04,1241.07,57850.49,20056.01,0.3467
2024-05,Cliente 05,98073.39,28999.95,9298.98,7412.71,3933.7,3383.53,151102.26,53028.87,0.3509
2024-05,Cliente 06,108794.2,24762.25,11770.72,7506.64,4169.06,891.79,157894.66,49100.46,0.311
2024-05,Cliente 07,66484.51,15361.11,8799.2,3873.48,2535.25,555.64,97609.18,31124.68,0.3189
2024-05,Cliente 08,48571.58,9415.94,4031.88,4263.2,1802.59,1041.05,69126.25,20554.67,0.2973
2024-05,Cliente 09,35474.07,7595.83,4145.42,2758.59,573.15,1302.36,51849.41,16375.35,0.3158
2024-05,Cliente 10,16509.12,3116.38,2036.49,909.11,956.92,345.54,23873.56,7364.43,0.3085
2024-05,Cliente 11,70711.64,12226.38,8452.64,5637.4,2863.76,2918.4,102810.21,32098.57,0.3122
2024-05,Cliente 12,92054.43,16269.91,11774.52,6288.93,3732.04,3253.47,133373.3,41318.87,0.3098
2024-05,Cliente 13,84170.09,19426.82,6928.23,6756.39,3014.87,2873.09,123169.49,38999.4,0.3166
2024-05,Cliente 14,83784.01,16399.7,7921.95,6615.71,1840.21,2884.57,119446.16,35662.15,0.2986
2024-05,Cliente 15,71684.56,12989.7,8062.02,2746.24,3878.14,902.19,100262.86,28578.3,0.285
2024-05,Cliente 16,18520.23,5245.82,1763.21,1617.49,1032.76,638.48,28818.0,10297.77,0.3573
2024-05,Cliente 17,25926.56,6300.54,2787.36,2548.11,959.69,648.44,39170.71,13244.15,0.3381
2024-05,Cliente 18,21419.85,3873.05,2831.19,794.51,1324.61,630.34,30873.55,9453.7,0.3062
2024-05,Cliente 19,24837.07,5702.21,2592.99,1390.97,1627.68,767.63,36918.56,12081.49,0.3272
2024-05,Cliente 20,27947.13,5314.26,4359.06,954.57,1410.35,902.6,40887.97,12940.84,0.3165
2024-05,Cliente 21,15017.42,3410.06,2436.25,1221.93,773.57,538.86,23398.09,8380.67,0.3582
2024-05,Cliente 22,94235.73,21336.31,13025.94,5029.47,5403.65,821.24,139852.35,45616.62,0.3262
2024-05,Cliente 23,31693.97,6017.83,2719.49,1387.74,1226.2,1037.04,44082.27,12388.3,0.281
2024-05,Cliente 24,14783.43,3657.75,2607.34,905.03,1033.64,606.55,23593.75,8810.31,0.3734
2024-05,Cliente 25,41507.48,9558.12,4665.28,2539.41,2127.09,1287.52,61684.9,20177.42,0.3271
2024-06,Cliente 01,97889.55,19344.75,12638.93,8830.69,2287.01,817.17,141808.09,43918.54,0.3097
2024-06,Cliente 02,55490.95,10069.86,6951.64,1665.72,1689.72,1415.7,77283.59,21792.64,0.282
2024-06,Cliente 03,24922.28,4096.19,3476.77,1122.13,1450.15,622.43,35689.95,10767.67,0.3017
2024-06,Cliente 04,16187.44,3065.01,2298.74,1748.86,638.74,401.85,24340.65,8153.21,0.335
2024-06,Cliente 05,70701.53,17401.08,8259.11,6250.57,4480.24,1347.46,108439.98,37738.45,0.348
2024-06,Cliente 06,9679.19,2455.02,1143.66,1140.03,490.45,262.16,15170.51,5491.32,0.362
2024-06,Cliente 07,86361.44,24286.56,7356.28,7478.14,5579.97,3044.59,134106.99,47745.54,0.356
2024-06,Cliente 08,94997.09,25861.55,12084.83,7936.96,1833.95,1407.48,144121.86,49124.77,0.3409
2024-06,Cliente 09,59184.16,16872.99,9743.94,6991.92,1382.44,2520.04,96695.49,37511.34,0.3879
2024-06,Cliente 10,16246.52,4374.03,1399.82,546.99,281.15,398.26,23246.76,7000.24,0.3011
2024-06,Cliente 11,84748.74,16375.84,11678.89,4722.76,4751.29,3572.84,125850.35,41101.61,0.3266
2024-06,Cliente 12,96371.83,20016.92,12954.09,4120.99,1703.88,2561.95,137729.67,41357.83,0.3003
2024-06,Cliente 13,16120.35,3661.33,2300.88,841.39,579.52,467.53,23970.99,7850.64,0.3275
2024-06,Cliente 14,34757.2,8410.6,5447.52,3151.28,745.71,798.72,53311.02,18553.82,0.348
2024-06,Cliente 15,64147.45,15090.22,7199.88,2909.25,2844.19,932.24,93123.24,28975.79,0.3112
2024-06,Cliente 16,64703.34,17752.67,6719.57,7287.63,1212.8,1736.05,99412.06,34708.71,0.3491
2024-06,Cliente 17,39589.12,9340.35,6246.04,4459.93,1295.14,548.29,61478.87,21889.75,0.3561
2024-06,Cliente 18,85285.48,15534.37,11778.42,6148.71,3961.41,1630.87,124339.27,39053.78,0.3141
2024-06,Cliente 19,50463.77,14037.76,5059.1,5152.19,2968.11,1743.08,79424.01,28960.24,0.3646
2024-06,Cliente 20,10758.47,2502.55,1452.33,1200.81,387.18,409.62,16710.95,5952.48,0.3562
2024-06,Cliente 21,25418.37,4372.11,3656.25,1155.43,743.24,860.5,36205.9,10787.52,0.2979
2024-06,Cliente 22,56991.9,10341.28,7797.14,3638.57,1590.68,1782.95,82142.52,25150.62,0.3062
2024-06,Cliente 23,33661.3,6867.94,3126.6,1417.69,901.34,294.9,46269.78,12608.48,0.2725
2024-06,Cliente 24,45120.35,10963.11,4516.7,3212.49,1779.08,1420.5,67012.23,21891.88,0.3267
2024-06,Cliente 25,32093.53,6702.21,2809.72,1929.22,1961.78,1254.66,46751.12,14657.59,0.3135
2024-07,Cliente 01,20472.97,4318.48,2464.13,1579.58,351.01,722.84,29909.01,9436.04,0.3155
2024-07,Cliente 02,113826.05,26846.37,13419.83,6448.92,2541.6,2930.14,166012.92,52186.88,0.3144
2024-07,Cliente 03,15100.66,2996.32,1585.61,814.99,876.0,190.49,21564.08,6463.42,0.2997
2024-07,Cliente 04,22973.52,6102.06,3980.38,1269.86,1485.47,422.53,36233.84,13260.31,0.366
2024-07,Cliente 05,67787.46,17024.1,10084.89,5707.03,2088.82,2629.45,105321.77,37534.3,0.3564
2024-07,Cliente 06,108348.78,26413.81,15672.61,5615.36,6290.97,1856.47,164198.0,55849.22,0.3401
2024-07,Cliente 07,81061.38,17600.63,10966.31,6613.75,5078.78,3564.23,124885.07,43823.7,0.3509
2024-07,Cliente 08,19310.13,4204.16,2417.28,1461.09,1166.56,667.24,29226.45,9916.33,0.3393
2024-07,Cliente 09,11196.88,2706.54,1322.43,480.51,397.06,239.66,16343.08,5146.2,0.3149
2024-07,Cliente 10,30500.69,5779.38,3652.54,2104.95,1669.87,342.05,44049.48,13548.79,0.3076
2024-07,Cliente 11,20144.39,4553.19,2198.0,1968.89,587.63,226.67,29678.77,9534.37,0.3213
2024-07,Cliente 12,55463.04,13994.27,7217.39,3988.49,2642.02,1551.27,84856.48,29393.44,0.3464
2024-07,Cliente 13,33952.7,8675.77,3534.53,2828.36,1311.94,808.45,51111.75,17159.05,0.3357
2024-07,Cliente 14,19406.39,5053.8,1704.1,1143.76,342.19,166.99,27817.23,8410.84,0.3024
2024-07,Cliente 15,111258.93,22900.31,11365.12,12302.37,3132.18,3479.25,164438.17,53179.24,0.3234
2024-07,Cliente 16,34654.7,9561.23,3096.05,3325.14,1082.55,1231.58,52951.25,18296.55,0.3455
2024-07,Cliente 17,93529.27,14479.03,12097.28,9870.64,2453.74,1488.93,133918.88,40389.61,0.3016
2024-07,Cliente 18,85667.98,22809.6,13095.29,3261.92,3971.49,2464.94,131271.22,45603.24,0.3474
2024-07,Cliente 19,44340.75,7353.99,4438.28,4062.42,1022.82,1394.25,62612.51,18271.76,0.2918
2024-07,Cliente 20,17483.7,2973.66,2352.96,1669.61,995.53,690.65,26166.1,8682.4,0.3318
2024-07,Cliente 21,83757.15,17681.55,12039.01,6569.55,4595.54,1222.2,125865.01,42107.85,0.3345
2024-07,Cliente 22,63943.63,11268.67,5872.68,6680.87,2233.83,837.39,90837.08,26893.45,0.2961
2024-07,Cliente 23,42484.41,10443.06,6700.89,4831.68,2059.45,1324.03,67843.52,25359.11,0.3738
2024-07,Cliente 24,46212.11,7996.78,3767.33,4676.06,2446.5,754.08,65852.86,19640.75,0.2983
2024-07,Cliente 25,78376.63,15907.87,8132.62,3387.78,3347.1,1761.04,110913.04,32536.4,0.2934
2024-08,Cliente 01,57945.47,17423.22,8152.87,6466.21,1321.32,1737.16,93046.26,35100.79,0.3772
2024-08,Cliente 02,93040.57,17938.41,9814.11,5220.66,3633.25,1787.34,131434.35,38393.78,0.2921
2024-08,Cliente 03,38681.41,6229.56,4005.02,3256.19,912.87,562.86,53647.9,14966.5,0.279
2024-08,Cliente 04,26467.18,6634.44,2499.22,1618.76,1916.9,1124.23,40260.72,13793.54,0.3426
2024-08,Cliente 05,30115.82,6921.65,4655.99,3035.93,696.08,378.1,45803.58,15687.76,0.3425
2024-08,Cliente 06,57000.44,14286.82,4637.69,4080.4,1228.79,1568.22,82802.36,25801.92,0.3116
2024-08,Cliente 07,102754.5,17725.89,13124.51,6719.24,5705.54,1962.44,147992.12,45237.62,0.3057
2024-08,Cliente 08,94189.37,17943.94,10409.91,3465.37,2938.14,2900.69,131847.42,37658.05,0.2856
2024-08,Cliente 09,21804.92,4255.17,2073.03,2452.19,1474.56,228.21,32288.09,10483.16,0.3247
2024-08,Cliente 10,92752.24,25239.42,9462.85,4812.68,3312.66,3107.53,138687.37,45935.13,0.3312
2024-08,Cliente 11,83935.67,16167.34,11676.18,8481.73,2974.6,2484.18,125719.7,41784.02,0.3324
2024-08,Cliente 12,50385.45,11506.39,7194.8,5581.31,1890.63,959.96,77518.53,27133.08,0.35
2024-08,Cliente 13,43692.62,9484.9,4163.4,3172.59,1151.23,914.2,62578.95,18886.33,0.3018
2024-08,Cliente 14,85650.8,21738.04,13872.95,7055.7,2307.87,1736.01,132361.36,46710.57,0.3529
2024-08,Cliente 15,70368.3,12577.61,8131.79,5300.55,2025.64,1938.97,100342.85,29974.55,0.2987
2024-08,Cliente 16,15958.9,4367.63,1673.36,1335.7,592.68,301.09,24229.36,8270.46,0.3413
2024-08,Cliente 17,99944.49,19762.29,15862.64,9520.6,5060.29,995.42,151145.74,51201.25,0.3388
2024-08,Cliente 18,23666.01,4278.92,2245.91,2160.7,680.85,235.72,33268.11,9602.1,0.2886
2024-08,Cliente 19,12952.96,3138.46,1963.38,536.63,334.08,327.69,19253.21,6300.25,0.3272
2024-08,Cliente 20,46727.02,13058.29,5799.36,3059.88,2979.33,473.31,72097.19,25370.17,0.3519
2024-08,Cliente 21,105541.28,23682.55,16221.26,7657.76,3908.06,1763.91,158774.81,53233.53,0.3353
2024-08,Cliente 22,78607.79,14491.72,10573.13,6457.93,2711.61,629.41,113471.59,34863.8,0.3072
2024-08,Cliente 23,48857.83,9400.69,6343.75,2136.97,1620.29,1606.09,69965.62,21107.79,0.3017
2024-08,Cliente 24,46121.82,11424.48,5225.3,4505.56,2375.85,750.05,70403.06,24281.24,0.3449
2024-08,Cliente 25,79122.3,21463.21,10339.41,2890.34,2527.77,3343.33,119686.37,40564.06,0.3389
2024-09,Cliente 01,38738.38,7718.07,4963.66,4169.85,2197.26,921.92,58709.14,19970.76,0.3402
2024-09,Cliente 02,27533.58,6773.79,4486.12,2792.57,1100.44,835.24,43521.73,15988.15,0.3674
2024-09,Cliente 03,55393.85,12299.1,7310.58,3947.66,3324.26,1179.51,83454.96,28061.1,0.3362
2024-09,Cliente 04,10319.36,2468.52,1357.72,839.35,554.11,184.95,15724.01,5404.65,0.3437
2024-09,Cliente 05,81759.89,16574.15,8743.16,3609.86,2795.93,2586.01,116069.0,34309.11,0.2956
2024-09,Cliente 06,105429.49,20449.28,13877.25,9405.1,3294.06,3552.19,156007.38,50577.88,0.3242
2024-09,Cliente 07,14981.71,2983.17,1569.85,1736.77,617.87,285.14,22174.51,7192.8,0.3244
2024-09,Cliente 08,52270.01,10648.91,4881.44,4529.74,1209.58,1759.57,75299.26,23029.25,0.3058
2024-09,Cliente 09,31849.62,7939.25,2716.45,1174.97,1858.1,688.5,46226.89,14377.28,0.311
2024-09,Cliente 10,65859.03,14551.96,8956.28,7652.28,2158.84,2439.73,101618.11,35759.08,0.3519
2024-09,Cliente 11,70494.44,15343.02,7691.17,5234.84,3611.15,1698.5,104073.12,33578.68,0.3226
2024-09,Cliente 12,36219.07,8122.82,4204.59,2641.29,921.94,1029.96,53139.68,16920.6,0.3184
2024-09,Cliente 13,47719.36,8839.33,6302.52,3957.4,1595.25,1752.18,70166.04,22446.68,0.3199
2024-09,Cliente 14,87502.65,24040.76,10767.41,10812.84,2587.99,1639.33,137350.97,49848.33,0.3629
2024-09,Cliente 15,51916.07,13663.48,6512.11,2730.24,2215.51,2003.07,79040.48,27124.41,0.3432
2024-09,Cliente 16,91065.2,17938.24,8598.14,9315.91,4562.56,2396.53,133876.59,42811.39,0.3198
2024-09,Cliente 17,90981.21,24752.36,9740.19,4167.4,3837.48,2041.02,135519.65,44538.45,0.3286
2024-09,Cliente 18,101937.25,28131.18,14890.71,9093.03,6405.09,2240.81,162698.07,60760.81,0.3735
2024-09,Cliente 19,45527.03,9678.92,7452.91,3466.74,1604.99,739.21,68469.8,22942.78,0.3351
2024-09,Cliente 20,62474.61,11681.13,8350.77,4892.44,3195.17,951.91,91546.04,29071.43,0.3176
2024-09,Cliente 21,68262.74,15378.79,10270.26,6144.6,1862.53,2640.51,104559.43,36296.69,0.3471
2024-09,Cliente 22,15216.78,4253.71,1822.71,1428.97,663.04,491.81,23877.03,8660.25,0.3627
2024-09,Cliente 23,80514.49,14562.12,10727.27,3928.66,4855.38,1177.01,115764.94,35250.44,0.3045
2024-09,Cliente 24,36691.13,6456.01,3678.03,3012.47,797.95,442.23,51077.84,14386.7,0.2817
2024-09,Cliente 25,55868.81,11320.61,4806.46,3669.23,1861.88,535.6,78062.6,22193.78,0.2843
2024-10,Cliente 01,75672.04,12415.89,7737.85,7477.95,3227.23,1555.69,108086.65,32414.61,0.2999
2024-10,Cliente 02,53324.2,15132.86,8779.71,6012.14,1533.74,1028.87,85811.52,32487.32,0.3786
2024-10,Cliente 03,24738.97,5255.26,3388.92,1223.6,1559.75,293.09,36459.6,11720.63,0.3215
2024-10,Cliente 04,10943.34,2521.91,1093.43,803.11,269.55,135.01,15766.36,4823.01,0.3059
2024-10,Cliente 05,55919.96,13838.46,5648.53,4928.77,3060.95,772.77,84169.45,28249.49,0.3356
2024-10,Cliente 06,13696.38,3600.6,1835.39,1225.11,491.1,215.67,21064.24,7367.86,0.3498
2024-10,Cliente 07,59658.52,16243.57,6149.03,3551.14,2588.76,1513.84,89704.86,30046.35,0.3349
2024-10,Cliente 08,70266.58,19809.92,10500.52,7299.91,3296.99,2020.3,113194.22,42927.64,0.3792
2024-10,Cliente 09,71070.31,14528.5,9195.23,2457.82,1181.02,2545.18,100978.06,29907.76,0.2962
2024-10,Cliente 10,14246.76,3380.84,1357.53,1468.06,355.83,514.16,21323.18,7076.42,0.3319
2024-10,Cliente 11,82579.23,15788.45,9272.42,5621.3,2447.82,3519.21,119228.43,36649.2,0.3074
2024-10,Cliente 12,35681.12,5962.56,5237.02,1654.28,1198.05,855.34,50588.37,14907.25,0.2947
2024-10,Cliente 13,23435.51,4250.47,2699.38,1654.6,978.48,212.91,33231.35,9795.84,0.2948
2024-10,Cliente 14,24587.54,5316.97,2451.38,2830.37,1087.19,748.17,37021.62,12434.08,0.3359
2024-10,Cliente 15,43757.79,10376.78,4788.06,2750.95,1744.77,1118.27,64536.61,20778.83,0.322
2024-10,Cliente 16,103519.51,24667.0,10196.85,6652.94,5591.9,1506.09,152134.28,48614.78,0.3196
2024-10,Cliente 17,67940.89,11550.01,10721.12,4512.36,3717.89,1478.19,99920.46,31979.57,0.3201
2024-10,Cliente 18,100707.82,22561.72,14920.84,6308.7,3551.2,4224.04,152274.31,51566.49,0.3386
2024-10,Cliente 19,69703.11,16159.02,9749.82,6730.35,2869.35,1161.83,106373.47,36670.36,0.3447
2024-10,Cliente 20,12048.24,3115.2,1360.75,529.75,349.77,285.18,17688.9,5640.66,0.3189
2024-10,Cliente 21,88121.91,22800.52,13417.86,10224.26,2066.38,3600.99,140231.92,52110.02,0.3716
2024-10,Cliente 22,75971.62,11915.68,8603.28,5841.37,2194.02,1557.46,106083.44,30111.82,0.2839
2024-10,Cliente 23,67376.13,11002.44,7662.3,3267.33,3992.31,2611.61,95912.13,28536.0,0.2975
2024-10,Cliente 24,37136.34,7575.79,4761.45,4106.57,1611.11,393.6,55584.86,18448.52,0.3319
2024-10,Cliente 25,12605.72,3613.15,1749.67,1039.09,422.32,509.07,19939.01,7333.29,0.3678
2024-11,Cliente 01,47026.81,11956.01,5165.3,4507.0,1274.78,1265.35,71195.25,24168.44,0.3395
2024-11,Cliente 02,18330.87,3464.55,1568.32,595.78,582.68,495.56,25037.75,6706.89,0.2679
2024-11,Cliente 03,53641.15,16156.9,8738.82,2368.41,2023.33,1619.96,84548.57,30907.42,0.3656
2024-11,Cliente 04,82289.71,21723.7,7645.68,4977.28,4283.87,2382.31,123302.54,41012.83,0.3326
2024-11,Cliente 05,85303.18,17450.47,8028.31,4533.81,1551.07,2309.99,119176.83,33873.65,0.2842
2024-11,Cliente 06,66277.24,13363.37,5124.98,5486.07,1188.13,2280.82,93720.61,27443.37,0.2928
2024-11,Cliente 07,11796.85,3215.3,1473.26,944.78,570.54,139.56,18140.29,6343.44,0.3497
2024-11,Cliente 08,86186.27,22484.73,9117.42,4703.89,4119.34,2003.8,128615.46,42429.18,0.3299
2024-11,Cliente 09,33084.1,6527.98,4191.87,1637.83,608.54,347.13,46397.46,13313.35,0.2869
2024-11,Cliente 10,94480.36,17829.17,12221.25,5432.74,6548.73,3910.92,140423.18,45942.81,0.3272
2024-11,Cliente 11,50485.22,10632.49,4243.97,2833.14,1118.8,576.36,69889.98,19404.76,0.2776
2024-11,Cliente 12,60741.4,11639.77,7960.88,4529.04,1519.47,547.28,86937.84,26196.45,0.3013
2024-11,Cliente 13,27419.84,7682.82,4486.03,1887.55,1037.56,901.67,43415.47,15995.63,0.3684
2024-11,Cliente 14,68414.67,12864.61,8513.69,5713.82,1677.29,1286.93,98471.0,30056.33,0.3052
2024-11,Cliente 15,38580.82,8961.73,5412.18,2977.37,1050.55,462.21,57444.87,18864.05,0.3284
2024-11,Cliente 16,93662.86,15809.56,9474.2,9066.89,4902.58,3391.15,136307.24,42644.38,0.3129
2024-11,Cliente 17,70143.01,15337.12,6826.37,6007.65,3150.43,925.88,102390.46,32247.44,0.3149
2024-11,Cliente 18,97529.84,16754.61,10698.36,10230.88,6043.94,2386.07,143643.71,46113.86,0.321
2024-11,Cliente 19,117723.6,28687.34,16067.53,6755.25,5649.41,2859.22,177742.35,60018.75,0.3377
2024-11,Cliente 20,77128.1,21200.58,13091.19,4698.99,5294.39,1680.88,123094.12,45966.02,0.3734
2024-11,Cliente 21,27182.6,7806.83,3728.03,1695.5,1354.88,558.29,42326.13,15143.53,0.3578
2024-11,Cliente 22,60452.32,13654.13,7840.84,4375.52,3536.2,874.5,90733.51,30281.19,0.3337
2024-11,Cliente 23,32862.05,8410.78,4701.17,3280.94,1169.25,305.68,50729.87,17867.82,0.3522
2024-11,Cliente 24,83499.16,14743.39,7063.23,4067.35,2715.97,1195.36,113284.45,29785.29,0.2629
2024-11,Cliente 25,46653.04,9219.06,5043.15,1589.58,2712.08,949.18,66166.08,19513.05,0.2949
2024-12,Cliente 01,38926.0,10422.35,6443.59,1525.15,992.78,548.16,58858.02,19932.02,0.3386
2024-12,Cliente 02,78711.35,15443.13,7684.92,6667.17,3691.7,1136.33,113334.6,34623.25,0.3055
2024-12,Cliente 03,25074.31,6730.89,3520.34,2213.58,1448.91,437.9,39425.93,14351.62,0.364
2024-12,Cliente 04,39527.52,12042.58,5621.41,2480.0,858.43,1383.17,61913.12,22385.6,0.3616
2024-12,Cliente 05,90041.96,16112.74,13253.01,7988.02,4119.22,2496.37,134011.31,43969.36,0.3281
2024-12,Cliente 06,113187.31,24247.1,11632.2,6270.98,5677.44,2938.22,163953.27,50765.95,0.3096
2024-12,Cliente 07,15853.72,4773.22,2614.64,1875.59,633.66,573.88,26324.71,10470.99,0.3978
2024-12,Cliente 08,90593.07,16929.03,15143.16,3262.29,4234.28,2730.47,132892.31,42299.24,0.3183
2024-12,Cliente 09,75011.08,20109.36,7754.26,7834.83,2113.04,2414.01,115236.58,40225.49,0.3491
2024-12,Cliente 10,83433.46,17172.94,12832.96,3505.59,2268.23,2035.64,121248.82,37815.36,0.3119
2024-12,Cliente 11,106863.79,22073.28,16665.79,7275.9,3877.07,2229.48,158985.31,52121.52,0.3278
2024-12,Cliente 12,39829.62,10310.8,3461.28,3597.57,1066.56,843.62,59109.45,19279.83,0.3262
2024-12,Cliente 13,24796.84,6203.91,2653.7,1103.7,658.02,836.95,36253.12,11456.27,0.316
2024-12,Cliente 14,39414.07,7483.76,3516.39,3334.69,1423.22,332.82,55504.96,16090.89,0.2899
2024-12,Cliente 15,99207.63,22241.24,12005.51,7710.93,5819.56,888.07,147872.95,48665.32,0.3291
2024-12,Cliente 16,109233.9,29727.75,15344.03,11210.8,4733.09,2050.98,172300.55,63066.65,0.366
2024-12,Cliente 17,57138.46,11816.44,7626.36,2166.12,3073.99,800.11,82621.47,25483.01,0.3084
2024-12,Cliente 18,97897.19,18839.53,15469.02,10404.75,5491.84,4133.99,152236.32,54339.13,0.3569
2024-12,Cliente 19,40196.55,7643.53,4584.45,2521.54,606.86,983.4,56536.33,16339.78,0.289
2024-12,Cliente 20,79708.26,24144.55,10585.66,3999.68,4064.17,1222.7,123725.02,44016.76,0.3558
2024-12,Cliente 21,16635.23,2773.97,1409.49,1452.46,297.03,540.12,23108.3,6473.07,0.2801
2024-12,Cliente 22,83604.75,20706.26,8025.35,7556.59,1739.97,3496.59,125129.51,41524.76,0.3319
2024-12,Cliente 23,32149.07,5433.29,2980.18,2096.55,1339.94,1230.77,45229.8,13080.73,0.2892
2024-12,Cliente 24,10603.71,2468.13,1316.83,1237.48,720.56,435.88,16782.59,6178.87,0.3682
2024-12,Cliente 25,23631.07,6167.2,2534.95,2053.35,661.03,442.96,35490.57,11859.49,0.3342
